序号,网址,标题
01,http://c.biancheng.net/golang/intro/,第1章 Go语言简介
01-01,http://c.biancheng.net/view/1.html,Go语言简介
01-02,http://c.biancheng.net/view/3990.html,Go语言的特性
01-03,http://c.biancheng.net/view/2.html,Go语言为并发而生
01-04,http://c.biancheng.net/view/3.html,哪些项目使用Go语言开发？
01-05,http://c.biancheng.net/view/5576.html,哪些大公司正在使用Go语言
01-06,http://c.biancheng.net/view/5577.html,Go语言适合做什么
01-07,http://c.biancheng.net/view/3991.html,Go语言和其它编程语言的对比
01-08,http://c.biancheng.net/view/4.html,Go语言的性能如何？
01-09,http://c.biancheng.net/view/5.html,Go语言标准库强大
01-10,http://c.biancheng.net/view/6.html,Go语言上手简单
01-11,http://c.biancheng.net/view/7.html,Go语言代码风格清晰、简单
01-12,http://c.biancheng.net/view/5721.html,Go语言是怎么完成编译的
01-13,http://c.biancheng.net/view/3992.html,在Windows上安装Go语言开发包
01-14,http://c.biancheng.net/view/3993.html,在Linux上安装Go语言开发包
01-15,http://c.biancheng.net/view/3994.html,在Mac OS上安装Go语言开发包
01-16,http://c.biancheng.net/view/3995.html,Go语言集成开发环境
01-17,http://c.biancheng.net/view/4773.html,Go语言工程结构详述
01-18,http://c.biancheng.net/view/4774.html,Go语言依赖管理
02,http://c.biancheng.net/golang/syntax/,第2章 Go语言基本语法
02-01,http://c.biancheng.net/view/9.html,Go语言变量的声明
02-02,http://c.biancheng.net/view/10.html,Go语言变量的初始化
02-03,http://c.biancheng.net/view/11.html,Go语言多个变量同时赋值
02-04,http://c.biancheng.net/view/12.html,Go语言匿名变量
02-05,http://c.biancheng.net/view/4032.html,Go语言变量的作用域
02-06,http://c.biancheng.net/view/13.html,Go语言整型（整数类型）
02-07,http://c.biancheng.net/view/14.html,Go语言浮点类型（小数类型）
02-08,http://c.biancheng.net/view/4033.html,Go语言复数
02-09,http://c.biancheng.net/view/15.html,实例：输出正弦函数（Sin）图像
02-10,http://c.biancheng.net/view/16.html,Go语言bool类型（布尔类型）
02-11,http://c.biancheng.net/view/17.html,Go语言字符串
02-12,http://c.biancheng.net/view/18.html,Go语言字符类型（byte和rune）
02-13,http://c.biancheng.net/view/20.html,Go语言数据类型转换
02-14,http://c.biancheng.net/view/21.html,Go语言指针
02-15,http://c.biancheng.net/view/22.html,Go语言变量逃逸分析
02-16,http://c.biancheng.net/view/4034.html,Go语言变量的生命周期
02-17,http://c.biancheng.net/view/23.html,Go语言常量
02-18,http://c.biancheng.net/view/24.html,Go语言模拟枚举
02-19,http://c.biancheng.net/view/25.html,Go语言类型别名
02-20,http://c.biancheng.net/view/4035.html,Go语言注释的定义及使用
02-21,http://c.biancheng.net/view/4036.html,Go语言关键字与标识符
02-22,http://c.biancheng.net/view/5559.html,Go语言运算符及优先级
02-23,http://c.biancheng.net/view/5112.html,Go语言字符串和数值类型的相互转换
03,http://c.biancheng.net/golang/container/,第3章 Go语言容器
03-01,http://c.biancheng.net/view/26.html,Go语言数组
03-02,http://c.biancheng.net/view/4117.html,Go语言多维数组
03-03,http://c.biancheng.net/view/27.html,Go语言切片
03-04,http://c.biancheng.net/view/28.html,使用append()为切片添加元素
03-05,http://c.biancheng.net/view/29.html,Go语言切片复制
03-06,http://c.biancheng.net/view/30.html,Go语言从切片中删除元素
03-07,http://c.biancheng.net/view/4118.html,Go语言range关键字
03-08,http://c.biancheng.net/view/4119.html,Go语言多维切片
03-09,http://c.biancheng.net/view/31.html,Go语言map（映射）
03-10,http://c.biancheng.net/view/32.html,Go语言遍历map
03-11,http://c.biancheng.net/view/33.html,map元素的删除和清空
03-12,http://c.biancheng.net/view/34.html,Go语言sync.Map
03-13,http://c.biancheng.net/view/35.html,Go语言list（列表）
03-14,http://c.biancheng.net/view/4776.html,Go语言nil：空值 零值
03-15,http://c.biancheng.net/view/5722.html,Go语言make和new关键字的区别及实现原理
04,http://c.biancheng.net/golang/flow_control/,第4章 流程控制
04-01,http://c.biancheng.net/view/44.html,Go语言分支结构
04-02,http://c.biancheng.net/view/45.html,Go语言循环结构
04-03,http://c.biancheng.net/view/46.html,输出九九乘法表
04-04,http://c.biancheng.net/view/47.html,Go语言键值循环
04-05,http://c.biancheng.net/view/48.html,Go语言switch语句
04-06,http://c.biancheng.net/view/49.html,Go语言goto语句
04-07,http://c.biancheng.net/view/50.html,Go语言break（跳出循环）
04-08,http://c.biancheng.net/view/51.html,Go语言continue
04-09,http://c.biancheng.net/view/5387.html,示例：聊天机器人
04-10,http://c.biancheng.net/view/5390.html,示例：词频统计
04-11,http://c.biancheng.net/view/5391.html,示例：缩进排序
04-12,http://c.biancheng.net/view/5727.html,示例：二分查找算法
04-13,http://c.biancheng.net/view/5728.html,示例：冒泡排序
05,http://c.biancheng.net/golang/func/,第5章 Go语言函数
05-01,http://c.biancheng.net/view/52.html,Go语言函数声明
05-02,http://c.biancheng.net/view/53.html,示例：将秒转换为具体的时间
05-03,http://c.biancheng.net/view/54.html,示例：函数中的参数传递效果测试
05-04,http://c.biancheng.net/view/55.html,Go语言函数变量
05-05,http://c.biancheng.net/view/56.html,Go语言字符串的链式处理
05-06,http://c.biancheng.net/view/57.html,Go语言匿名函数
05-07,http://c.biancheng.net/view/58.html,Go语言函数类型实现接口
05-08,http://c.biancheng.net/view/59.html,Go语言闭包（Closure）
05-09,http://c.biancheng.net/view/60.html,Go语言可变参数
05-10,http://c.biancheng.net/view/61.html,Go语言defer（延迟执行语句）
05-11,http://c.biancheng.net/view/4193.html,Go语言递归函数
05-12,http://c.biancheng.net/view/62.html,Go语言处理运行时错误
05-13,http://c.biancheng.net/view/63.html,Go语言宕机（panic）
05-14,http://c.biancheng.net/view/64.html,Go语言宕机恢复（recover）
05-15,http://c.biancheng.net/view/4194.html,Go语言计算函数执行时间
05-16,http://c.biancheng.net/view/4783.html,示例：通过内存缓存来提升性能
05-17,http://c.biancheng.net/view/5129.html,Go语言函数类型
05-18,http://c.biancheng.net/view/4784.html,Go语言函数的底层实现
05-19,http://c.biancheng.net/view/5114.html,Go语言错误处理策略
05-20,http://c.biancheng.net/view/5409.html,Go语言Test功能测试函数
06,http://c.biancheng.net/golang/struct/,第6章 Go语言结构体
06-01,http://c.biancheng.net/view/65.html,Go语言结构体定义
06-02,http://c.biancheng.net/view/66.html,Go语言实例化结构体
06-03,http://c.biancheng.net/view/67.html,初始化结构体的成员变量
06-04,http://c.biancheng.net/view/5109.html,Go语言结构体字面量
06-05,http://c.biancheng.net/view/68.html,Go语言构造函数
06-06,http://c.biancheng.net/view/69.html,Go语言方法和接收器
06-07,http://c.biancheng.net/view/70.html,为任意类型添加方法
06-08,http://c.biancheng.net/view/71.html,示例：使用事件系统实现事件的响应和处理
06-09,http://c.biancheng.net/view/72.html,类型内嵌和结构体内嵌
06-10,http://c.biancheng.net/view/73.html,结构体内嵌模拟类的继承
06-11,http://c.biancheng.net/view/74.html,初始化内嵌结构体
06-12,http://c.biancheng.net/view/75.html,内嵌结构体成员名字冲突
06-13,http://c.biancheng.net/view/76.html,示例：使用匿名结构体解析JSON数据
06-14,http://c.biancheng.net/view/4236.html,Go语言垃圾回收和SetFinalizer
06-15,http://c.biancheng.net/view/5411.html,示例：使用事件系统实现事件的晌应和处理
06-16,http://c.biancheng.net/view/5412.html,示例：将结构体数据保存为JSON格式数据
06-17,http://c.biancheng.net/view/5568.html,Go语言链表操作
06-18,http://c.biancheng.net/view/5569.html,Go语言数据IO对象及操作
07,http://c.biancheng.net/golang/interface/,第7章 Go语言接口
07-01,http://c.biancheng.net/view/77.html,Go语言接口声明（定义）
07-02,http://c.biancheng.net/view/78.html,Go语言实现接口的条件
07-03,http://c.biancheng.net/view/79.html,Go语言类型与接口的关系
07-04,http://c.biancheng.net/view/4281.html,Go语言类型断言
07-05,http://c.biancheng.net/view/80.html,示例：Go语言实现日志系统
07-06,http://c.biancheng.net/view/81.html,Go语言排序
07-07,http://c.biancheng.net/view/82.html,Go语言接口的嵌套组合
07-08,http://c.biancheng.net/view/83.html,Go语言接口和类型之间的转换
07-09,http://c.biancheng.net/view/84.html,Go语言空接口类型
07-10,http://c.biancheng.net/view/85.html,示例：使用空接口实现可以保存任意值的字典
07-11,http://c.biancheng.net/view/86.html,Go语言类型分支
07-12,http://c.biancheng.net/view/4284.html,Go语言error接口
07-13,http://c.biancheng.net/view/4285.html,Go语言Writer和Reader接口
07-14,http://c.biancheng.net/view/5116.html,Go语言接口内部实现
07-15,http://c.biancheng.net/view/5117.html,示例：表达式求值器
07-16,http://c.biancheng.net/view/5119.html,使用类型断言来识别错误
07-17,http://c.biancheng.net/view/5120.html,接口与动态类型
07-18,http://c.biancheng.net/view/5396.html,示例：简单的Web服务器
07-19,http://c.biancheng.net/view/5397.html,示例：音乐播放器
07-20,http://c.biancheng.net/view/5399.html,示例：使用空接口实现可以保存任意值的字典
07-21,http://c.biancheng.net/view/5400.html,示例：实现有限状态机（FSM）
07-22,http://c.biancheng.net/view/5570.html,示例：二叉树数据结构的应用
08,http://c.biancheng.net/golang/package/,第8章 Go语言包（package）
08-01,http://c.biancheng.net/view/5394.html,包的基本概念
08-02,http://c.biancheng.net/view/5715.html,Go语言封装简介及实现细节
08-03,http://c.biancheng.net/view/88.html,Go语言GOPATH
08-04,http://c.biancheng.net/view/4306.html,Go语言常用内置包
08-05,http://c.biancheng.net/view/5123.html,Go语言自定义包
08-06,http://c.biancheng.net/view/89.html,Go语言package
08-07,http://c.biancheng.net/view/90.html,Go语言导出包中的标识符
08-08,http://c.biancheng.net/view/91.html,Go语言import导入包
08-09,http://c.biancheng.net/view/92.html,Go语言工厂模式自动注册
08-10,http://c.biancheng.net/view/5720.html,Go语言单例模式
08-11,http://c.biancheng.net/view/4307.html,Go语言sync包与锁
08-12,http://c.biancheng.net/view/4308.html,Go语言big包
08-13,http://c.biancheng.net/view/4785.html,示例：使用图像包制作GIF动画
08-14,http://c.biancheng.net/view/5124.html,Go语言正则表达式：regexp包
08-15,http://c.biancheng.net/view/5392.html,Go语言time包：时间和日期
08-16,http://c.biancheng.net/view/5572.html,Go语言os包用法简述
08-17,http://c.biancheng.net/view/5573.html,Go语言flag包：命令行参数解析
08-18,http://c.biancheng.net/view/5712.html,Go语言go mod包依赖管理工具
08-19,http://c.biancheng.net/view/5713.html,示例：使用Go语言生成二维码
08-20,http://c.biancheng.net/view/5714.html,Go语言Context（上下文）
08-21,http://c.biancheng.net/view/5716.html,示例：客户信息管理系统
08-22,http://c.biancheng.net/view/5717.html,示例：使用Go语言发送电子邮件
08-23,http://c.biancheng.net/view/5718.html,Go语言（Pingo）插件化开发
08-24,http://c.biancheng.net/view/5723.html,Go语言定时器实现原理及作用
08-25,http://c.biancheng.net/view/5719.html,Go语言使用定时器实现任务队列
09,http://c.biancheng.net/golang/concurrent/,第9章 Go语言并发
09-01,http://c.biancheng.net/view/4356.html,Go语言并发简述
09-02,http://c.biancheng.net/view/93.html,Go语言轻量级线程
09-03,http://c.biancheng.net/view/4357.html,Go语言并发通信
09-04,http://c.biancheng.net/view/4358.html,Go语言竞争状态
09-05,http://c.biancheng.net/view/94.html,Go语言调整并发的运行性能
09-06,http://c.biancheng.net/view/95.html,并发和并行的区别
09-07,http://c.biancheng.net/view/96.html,goroutine和coroutine的区别
09-08,http://c.biancheng.net/view/97.html,Go语言通道（chan）
09-09,http://c.biancheng.net/view/98.html,示例：并发打印
09-10,http://c.biancheng.net/view/99.html,Go语言单向通道
09-11,http://c.biancheng.net/view/4359.html,Go语言无缓冲的通道
09-12,http://c.biancheng.net/view/100.html,Go语言带缓冲的通道
09-13,http://c.biancheng.net/view/4361.html,Go语言channel超时机制
09-14,http://c.biancheng.net/view/101.html,Go语言通道的多路复用
09-15,http://c.biancheng.net/view/102.html,Go语言模拟远程过程调用
09-16,http://c.biancheng.net/view/103.html,示例：使用通道响应计时器的事件
09-17,http://c.biancheng.net/view/104.html,Go语言关闭通道后继续使用通道
09-18,http://c.biancheng.net/view/4362.html,Go语言多核并行化
09-19,http://c.biancheng.net/view/105.html,Go语言Telnet回音服务器
09-20,http://c.biancheng.net/view/106.html,检测代码在并发环境下可能出现的问题
09-21,http://c.biancheng.net/view/107.html,互斥锁和读写互斥锁
09-22,http://c.biancheng.net/view/108.html,Go语言等待组
09-23,http://c.biancheng.net/view/4786.html,死锁、活锁和饥饿概述
09-24,http://c.biancheng.net/view/4787.html,示例：封装qsort快速排序函数
09-25,http://c.biancheng.net/view/5111.html,Go语言CSP：通信顺序进程简述
09-26,http://c.biancheng.net/view/5408.html,示例：聊天服务器
10,http://c.biancheng.net/golang/reflect/,第10章 Go语言反射
10-01,http://c.biancheng.net/view/4407.html,Go语言反射（reflection）
10-02,http://c.biancheng.net/view/5131.html,Go语言反射规则浅析
10-03,http://c.biancheng.net/view/109.html,通过反射获取类型信息
10-04,http://c.biancheng.net/view/110.html,通过反射获取指针指向的元素类型
10-05,http://c.biancheng.net/view/111.html,通过反射获取结构体的成员类型
10-06,http://c.biancheng.net/view/112.html,Go语言结构体标签
10-07,http://c.biancheng.net/view/113.html,通过反射获取值信息
10-08,http://c.biancheng.net/view/4408.html,示例：使用reflect.Type显示一个类型的方法集
10-09,http://c.biancheng.net/view/114.html,通过反射访问结构体成员的值
10-10,http://c.biancheng.net/view/115.html,判断反射值的空和有效性
10-11,http://c.biancheng.net/view/116.html,通过反射修改变量的值
10-12,http://c.biancheng.net/view/4409.html,示例：获取结构体字段标识
10-13,http://c.biancheng.net/view/117.html,通过类型信息创建实例
10-14,http://c.biancheng.net/view/118.html,通过反射调用函数
10-15,http://c.biancheng.net/view/5132.html,Go语言inject库：依赖注入
11,http://c.biancheng.net/golang/101/,第11章 Go语言网络编程
11-01,http://c.biancheng.net/view/4513.html,Go语言Socket编程
11-02,http://c.biancheng.net/view/4514.html,Dial()函数
11-03,http://c.biancheng.net/view/4515.html,示例：使用ICMP协议向主机发送消息
11-04,http://c.biancheng.net/view/4517.html,示例：建立TCP链接
11-05,http://c.biancheng.net/view/4518.html,Go语言DialTCP()
11-06,http://c.biancheng.net/view/4520.html,HTTP客户端实现简述
11-07,http://c.biancheng.net/view/4521.html,服务端处理HTTP、HTTPS请求
11-08,http://c.biancheng.net/view/4522.html,RPC协议：远程过程调用
11-09,http://c.biancheng.net/view/4523.html,如何设计优雅的RPC接口
11-10,http://c.biancheng.net/view/4524.html,解码未知结构的JSON数据
11-11,http://c.biancheng.net/view/4525.html,Go语言如何搭建网站程序
11-12,http://c.biancheng.net/view/4526.html,示例：开发一个简单的相册网站
11-13,http://c.biancheng.net/view/5121.html,数据库（Database）相关操作
11-14,http://c.biancheng.net/view/5402.html,示例：并发时钟服务器
11-15,http://c.biancheng.net/view/5403.html,Go语言router请求路由
11-16,http://c.biancheng.net/view/5404.html,Go语言middleware：Web中间件
11-17,http://c.biancheng.net/view/5405.html,Go语言常见大型Web项目分层（MVC架构）
11-18,http://c.biancheng.net/view/5560.html,Cookie的设置与读取
11-19,http://c.biancheng.net/view/5561.html,示例：获取IP地址和域名解析
11-20,http://c.biancheng.net/view/5562.html,Go语言TCP网络程序设计
11-21,http://c.biancheng.net/view/5563.html,Go语言UDP网络程序设计
11-22,http://c.biancheng.net/view/5564.html,Go语言IP网络程序设计
11-23,http://c.biancheng.net/view/5565.html,Go语言是如何使得Web工作的
11-24,http://c.biancheng.net/view/5566.html,Go语言session的创建和管理
11-25,http://c.biancheng.net/view/5567.html,Go语言Ratelimit服务流量限制
11-26,http://c.biancheng.net/view/5574.html,Go语言WEB框架(Gin)详解
12,http://c.biancheng.net/golang/102/,第12章 Go语言文件处理
12-01,http://c.biancheng.net/view/4543.html,Go语言自定义数据文件
12-02,http://c.biancheng.net/view/4545.html,Go语言JSON文件的读写操作
12-03,http://c.biancheng.net/view/4551.html,Go语言XML文件的读写操作
12-04,http://c.biancheng.net/view/4597.html,Go语言使用Gob传输数据
12-05,http://c.biancheng.net/view/4556.html,Go语言纯文本文件的读写操作
12-06,http://c.biancheng.net/view/4563.html,Go语言二进制文件的读写操作
12-07,http://c.biancheng.net/view/4570.html,Go语言自定义二进制文件的读写操作
12-08,http://c.biancheng.net/view/4583.html,Go语言zip归档文件的读写操作
12-09,http://c.biancheng.net/view/4584.html,Go语言tar归档文件的读写操作
12-10,http://c.biancheng.net/view/4595.html,Go语言使用buffer读取文件
12-11,http://c.biancheng.net/view/4596.html,Go语言使用切片读写文件
12-12,http://c.biancheng.net/view/5406.html,示例：并发目录遍历
12-13,http://c.biancheng.net/view/5407.html,示例：从INI配置文件中读取需要的值
12-14,http://c.biancheng.net/view/5729.html,Go语言文件的写入、追加、读取、复制操作
12-15,http://c.biancheng.net/view/5730.html,Go语言文件锁操作
13,http://c.biancheng.net/golang/103/,第13章 Go语言网络爬虫
13-01,http://c.biancheng.net/view/4651.html,Go语言网络爬虫概述
13-02,http://c.biancheng.net/view/4652.html,Go语言网络爬虫中的基本数据结构
13-03,http://c.biancheng.net/view/4653.html,Go语言网络爬虫的接口设计
13-04,http://c.biancheng.net/view/4654.html,Go语言网络爬虫缓冲器工具的实现
13-05,http://c.biancheng.net/view/4655.html,Go语言网络爬虫缓冲池工具的实现
13-06,http://c.biancheng.net/view/4657.html,Go语言网络爬虫多重读取器的实现
13-07,http://c.biancheng.net/view/4658.html,Go语言网络爬虫内部基础接口
13-08,http://c.biancheng.net/view/4659.html,Go语言网络爬虫组件注册器
13-09,http://c.biancheng.net/view/4660.html,Go语言网络爬虫下载器接口
13-10,http://c.biancheng.net/view/4661.html,Go语言网络爬虫分析器接口
13-11,http://c.biancheng.net/view/4662.html,Go语言网络爬虫条目处理管道
13-12,http://c.biancheng.net/view/4663.html,Go语言网络爬虫调度器的实现
13-13,http://c.biancheng.net/view/4664.html,示例：爬取图片小程序
14,http://c.biancheng.net/golang/build/,第14章 Go语言编译与工具
14-01,http://c.biancheng.net/view/120.html,go build命令
14-02,http://c.biancheng.net/view/4440.html,go clean命令
14-03,http://c.biancheng.net/view/121.html,go run命令
14-04,http://c.biancheng.net/view/4441.html,go fmt命令
14-05,http://c.biancheng.net/view/122.html,go install命令
14-06,http://c.biancheng.net/view/123.html,go get命令
14-07,http://c.biancheng.net/view/4442.html,go generate命令
14-08,http://c.biancheng.net/view/124.html,go test命令
14-09,http://c.biancheng.net/view/125.html,go pprof命令
15,http://c.biancheng.net/golang/skill/,第15章 “避坑”与技巧
15-01,http://c.biancheng.net/view/126.html,高效地使用Go语言并发特性
15-02,http://c.biancheng.net/view/127.html,反射——性能和灵活性的双刃剑
15-03,http://c.biancheng.net/view/128.html,接口的nil判断
15-04,http://c.biancheng.net/view/129.html,Go语言map的多键索引
15-05,http://c.biancheng.net/view/4475.html,与C或C++进行交互
15-06,http://c.biancheng.net/view/4476.html,Go语言文件读写
15-07,http://c.biancheng.net/view/4478.html,Json数据编码和解码
15-08,http://c.biancheng.net/view/4479.html,使用select切换协程
15-09,http://c.biancheng.net/view/4530.html,Go语言加密通信
15-10,http://c.biancheng.net/view/4532.html,Go语言内存管理
15-11,http://c.biancheng.net/view/4536.html,Go语言垃圾回收
15-12,http://c.biancheng.net/view/4539.html,Go语言哈希函数
15-13,http://c.biancheng.net/view/5571.html,Go语言分布式id生成器
15-14,http://c.biancheng.net/view/5725.html,部署Go语言程序到Linux服务器
15-15,http://c.biancheng.net/view/5726.html,Go语言实现RSA和AES加解密